{
    "Honq": 435766.0,
    "Mbgdyf": 106406.00840775094,
    "Zfmvs": 264257.766998712,
    "Yjvjm": 506851.0,
    "Twfyag": 200515.0,
    "Afsatbt": 282310.0,
    "Uuikha": 126113.0,
    "Xeqd": 516591.0,
    "Swrlgah": 746119.9754840268,
    "Ugnk": 238948.0
}